Q,question_id,label,정확성(0-2),할루시네이션(0/-3),근거(0-2),자연스러움(0-2),거부되묻기(0-2),메모
Q1,Q-05,A,,,,,,
Q1,Q-05,B,,,,,,
Q1,Q-05,C,,,,,,
Q2,Q-06,A,,,,,,
Q2,Q-06,B,,,,,,
Q2,Q-06,C,,,,,,
Q3,Q-08,A,,,,,,
Q3,Q-08,B,,,,,,
Q3,Q-08,C,,,,,,
Q4,Q-11,A,,,,,,
Q4,Q-11,B,,,,,,
Q4,Q-11,C,,,,,,
Q5,Q-13,A,,,,,,
Q5,Q-13,B,,,,,,
Q5,Q-13,C,,,,,,
Q6,Q-14,A,,,,,,
Q6,Q-14,B,,,,,,
Q6,Q-14,C,,,,,,
Q7,Q-16,A,,,,,,
Q7,Q-16,B,,,,,,
Q7,Q-16,C,,,,,,
Q8,Q-20,A,,,,,,
Q8,Q-20,B,,,,,,
Q8,Q-20,C,,,,,,
Q9,Q-27,A,,,,,,
Q9,Q-27,B,,,,,,
Q9,Q-27,C,,,,,,
Q10,Q-30,A,,,,,,
Q10,Q-30,B,,,,,,
Q10,Q-30,C,,,,,,
Q11,OOS-06,A,,,,,,
Q11,OOS-06,B,,,,,,
Q11,OOS-06,C,,,,,,
Q12,OOS-11,A,,,,,,
Q12,OOS-11,B,,,,,,
Q12,OOS-11,C,,,,,,
Q13,OOS-12,A,,,,,,
Q13,OOS-12,B,,,,,,
Q13,OOS-12,C,,,,,,
